cat_id,category,title,author,content,thread_id,post_id,msg_num,replier,msg,vote_score,reaction_count,quote_post_id
5,時事台,通街啲唨叔都係視姦我！,貝多芬死咗,"<img src=""https://na.cx/i/CjyFaK0.png"" data-thumbnail-src=""https://i.lih.kg/thumbnail?u=https%3A%2F%2Fna.cx%2Fi%2FCjyFaK0.png&h=41661bb4&s={SIZE}"" /><img src=""https://na.cx/i/FMZErin.png"" data-thumbnail-src=""https://i.lih.kg/thumbnail?u=https%3A%2F%2Fna.cx%2Fi%2FFMZErin.png&h=ddb72647&s={SIZE}"" /><img src=""https://na.cx/i/5gvXcYq.png"" data-thumbnail-src=""https://i.lih.kg/thumbnail?u=https%3A%2F%2Fna.cx%2Fi%2F5gvXcYq.png&h=f9078b3c&s={SIZE}"" /><img src=""https://na.cx/i/H50Ho47.png"" data-thumbnail-src=""https://i.lih.kg/thumbnail?u=https%3A%2F%2Fna.cx%2Fi%2FH50Ho47.png&h=e40e51d4&s={SIZE}"" />",3702115,1859467df1e0c61c27de26421f66b51dbbee7da8,3,永世名人,見你拎住部機周圍拍，係人都睇la,88,88,
5,時事台,通街啲唨叔都係視姦我！,貝多芬死咗,"<img src=""https://na.cx/i/CjyFaK0.png"" data-thumbnail-src=""https://i.lih.kg/thumbnail?u=https%3A%2F%2Fna.cx%2Fi%2FCjyFaK0.png&h=41661bb4&s={SIZE}"" /><img src=""https://na.cx/i/FMZErin.png"" data-thumbnail-src=""https://i.lih.kg/thumbnail?u=https%3A%2F%2Fna.cx%2Fi%2FFMZErin.png&h=ddb72647&s={SIZE}"" /><img src=""https://na.cx/i/5gvXcYq.png"" data-thumbnail-src=""https://i.lih.kg/thumbnail?u=https%3A%2F%2Fna.cx%2Fi%2F5gvXcYq.png&h=f9078b3c&s={SIZE}"" /><img src=""https://na.cx/i/H50Ho47.png"" data-thumbnail-src=""https://i.lih.kg/thumbnail?u=https%3A%2F%2Fna.cx%2Fi%2FH50Ho47.png&h=e40e51d4&s={SIZE}"" />",3702115,b586fcab1838410ab35f8ef2be8967f9fb19f2ff,4,懷斯（非阿迷）,"第三個阿叔望都無望到<img src=""/assets/faces/normal/sosad.gif"" class=""hkgmoji"" />",65,65,
5,時事台,通街啲唨叔都係視姦我！,貝多芬死咗,"<img src=""https://na.cx/i/CjyFaK0.png"" data-thumbnail-src=""https://i.lih.kg/thumbnail?u=https%3A%2F%2Fna.cx%2Fi%2FCjyFaK0.png&h=41661bb4&s={SIZE}"" /><img src=""https://na.cx/i/FMZErin.png"" data-thumbnail-src=""https://i.lih.kg/thumbnail?u=https%3A%2F%2Fna.cx%2Fi%2FFMZErin.png&h=ddb72647&s={SIZE}"" /><img src=""https://na.cx/i/5gvXcYq.png"" data-thumbnail-src=""https://i.lih.kg/thumbnail?u=https%3A%2F%2Fna.cx%2Fi%2F5gvXcYq.png&h=f9078b3c&s={SIZE}"" /><img src=""https://na.cx/i/H50Ho47.png"" data-thumbnail-src=""https://i.lih.kg/thumbnail?u=https%3A%2F%2Fna.cx%2Fi%2FH50Ho47.png&h=e40e51d4&s={SIZE}"" />",3702115,e7461b0297351309ea2e55cbaccfa5246d6ba8a3,5,奪取幸福,非洲人咁黑係人都望,31,31,
5,時事台,通街啲唨叔都係視姦我！,貝多芬死咗,"<img src=""https://na.cx/i/CjyFaK0.png"" data-thumbnail-src=""https://i.lih.kg/thumbnail?u=https%3A%2F%2Fna.cx%2Fi%2FCjyFaK0.png&h=41661bb4&s={SIZE}"" /><img src=""https://na.cx/i/FMZErin.png"" data-thumbnail-src=""https://i.lih.kg/thumbnail?u=https%3A%2F%2Fna.cx%2Fi%2FFMZErin.png&h=ddb72647&s={SIZE}"" /><img src=""https://na.cx/i/5gvXcYq.png"" data-thumbnail-src=""https://i.lih.kg/thumbnail?u=https%3A%2F%2Fna.cx%2Fi%2F5gvXcYq.png&h=f9078b3c&s={SIZE}"" /><img src=""https://na.cx/i/H50Ho47.png"" data-thumbnail-src=""https://i.lih.kg/thumbnail?u=https%3A%2F%2Fna.cx%2Fi%2FH50Ho47.png&h=e40e51d4&s={SIZE}"" />",3702115,aab7c742fd26f05ae1da8c5df34dee50f9c51981,6,2O24一定要戒丁,"條富咁短都non sexy<img src=""/assets/faces/pig/wail.gif"" class=""hkgmoji"" />",2,12,
5,時事台,通街啲唨叔都係視姦我！,貝多芬死咗,"<img src=""https://na.cx/i/CjyFaK0.png"" data-thumbnail-src=""https://i.lih.kg/thumbnail?u=https%3A%2F%2Fna.cx%2Fi%2FCjyFaK0.png&h=41661bb4&s={SIZE}"" /><img src=""https://na.cx/i/FMZErin.png"" data-thumbnail-src=""https://i.lih.kg/thumbnail?u=https%3A%2F%2Fna.cx%2Fi%2FFMZErin.png&h=ddb72647&s={SIZE}"" /><img src=""https://na.cx/i/5gvXcYq.png"" data-thumbnail-src=""https://i.lih.kg/thumbnail?u=https%3A%2F%2Fna.cx%2Fi%2F5gvXcYq.png&h=f9078b3c&s={SIZE}"" /><img src=""https://na.cx/i/H50Ho47.png"" data-thumbnail-src=""https://i.lih.kg/thumbnail?u=https%3A%2F%2Fna.cx%2Fi%2FH50Ho47.png&h=e40e51d4&s={SIZE}"" />",3702115,6512957a09f45b026ea589a4cfab5c3c4c435424,7,砸腳師,有自信係好事,16,18,
5,時事台,通街啲唨叔都係視姦我！,貝多芬死咗,"<img src=""https://na.cx/i/CjyFaK0.png"" data-thumbnail-src=""https://i.lih.kg/thumbnail?u=https%3A%2F%2Fna.cx%2Fi%2FCjyFaK0.png&h=41661bb4&s={SIZE}"" /><img src=""https://na.cx/i/FMZErin.png"" data-thumbnail-src=""https://i.lih.kg/thumbnail?u=https%3A%2F%2Fna.cx%2Fi%2FFMZErin.png&h=ddb72647&s={SIZE}"" /><img src=""https://na.cx/i/5gvXcYq.png"" data-thumbnail-src=""https://i.lih.kg/thumbnail?u=https%3A%2F%2Fna.cx%2Fi%2F5gvXcYq.png&h=f9078b3c&s={SIZE}"" /><img src=""https://na.cx/i/H50Ho47.png"" data-thumbnail-src=""https://i.lih.kg/thumbnail?u=https%3A%2F%2Fna.cx%2Fi%2FH50Ho47.png&h=e40e51d4&s={SIZE}"" />",3702115,4b2cda2654129c96580001b0466dbda05a115738,8,FFdos,"望下就真係視姦咩
我出街望下男人就代表我係基？",37,37,
5,時事台,通街啲唨叔都係視姦我！,貝多芬死咗,"<img src=""https://na.cx/i/CjyFaK0.png"" data-thumbnail-src=""https://i.lih.kg/thumbnail?u=https%3A%2F%2Fna.cx%2Fi%2FCjyFaK0.png&h=41661bb4&s={SIZE}"" /><img src=""https://na.cx/i/FMZErin.png"" data-thumbnail-src=""https://i.lih.kg/thumbnail?u=https%3A%2F%2Fna.cx%2Fi%2FFMZErin.png&h=ddb72647&s={SIZE}"" /><img src=""https://na.cx/i/5gvXcYq.png"" data-thumbnail-src=""https://i.lih.kg/thumbnail?u=https%3A%2F%2Fna.cx%2Fi%2F5gvXcYq.png&h=f9078b3c&s={SIZE}"" /><img src=""https://na.cx/i/H50Ho47.png"" data-thumbnail-src=""https://i.lih.kg/thumbnail?u=https%3A%2F%2Fna.cx%2Fi%2FH50Ho47.png&h=e40e51d4&s={SIZE}"" />",3702115,bb98930f3d9c27843f986af1adc5dc4c126169ab,10,我是你爸媽,"大陸妹任你睇, 港女哪來的自信？
貪你又平又黑?<img src=""/assets/faces/normal/clown.gif"" class=""hkgmoji"" />",33,33,
5,時事台,通街啲唨叔都係視姦我！,貝多芬死咗,"<img src=""https://na.cx/i/CjyFaK0.png"" data-thumbnail-src=""https://i.lih.kg/thumbnail?u=https%3A%2F%2Fna.cx%2Fi%2FCjyFaK0.png&h=41661bb4&s={SIZE}"" /><img src=""https://na.cx/i/FMZErin.png"" data-thumbnail-src=""https://i.lih.kg/thumbnail?u=https%3A%2F%2Fna.cx%2Fi%2FFMZErin.png&h=ddb72647&s={SIZE}"" /><img src=""https://na.cx/i/5gvXcYq.png"" data-thumbnail-src=""https://i.lih.kg/thumbnail?u=https%3A%2F%2Fna.cx%2Fi%2F5gvXcYq.png&h=f9078b3c&s={SIZE}"" /><img src=""https://na.cx/i/H50Ho47.png"" data-thumbnail-src=""https://i.lih.kg/thumbnail?u=https%3A%2F%2Fna.cx%2Fi%2FH50Ho47.png&h=e40e51d4&s={SIZE}"" />",3702115,70582278a10f31fe41f37c09b42b771af8515a41,13,搞柒你個閪post,他們想強姦我.jpg,12,12,
5,時事台,通街啲唨叔都係視姦我！,貝多芬死咗,"<img src=""https://na.cx/i/CjyFaK0.png"" data-thumbnail-src=""https://i.lih.kg/thumbnail?u=https%3A%2F%2Fna.cx%2Fi%2FCjyFaK0.png&h=41661bb4&s={SIZE}"" /><img src=""https://na.cx/i/FMZErin.png"" data-thumbnail-src=""https://i.lih.kg/thumbnail?u=https%3A%2F%2Fna.cx%2Fi%2FFMZErin.png&h=ddb72647&s={SIZE}"" /><img src=""https://na.cx/i/5gvXcYq.png"" data-thumbnail-src=""https://i.lih.kg/thumbnail?u=https%3A%2F%2Fna.cx%2Fi%2F5gvXcYq.png&h=f9078b3c&s={SIZE}"" /><img src=""https://na.cx/i/H50Ho47.png"" data-thumbnail-src=""https://i.lih.kg/thumbnail?u=https%3A%2F%2Fna.cx%2Fi%2FH50Ho47.png&h=e40e51d4&s={SIZE}"" />",3702115,3eb08ea7b605c5e9fb35d79a603dbb33492c665f,16,鄉廣史文,"你用部手機對住我影
正常人都會望下你咩料啦",17,17,
5,時事台,通街啲唨叔都係視姦我！,貝多芬死咗,"<img src=""https://na.cx/i/CjyFaK0.png"" data-thumbnail-src=""https://i.lih.kg/thumbnail?u=https%3A%2F%2Fna.cx%2Fi%2FCjyFaK0.png&h=41661bb4&s={SIZE}"" /><img src=""https://na.cx/i/FMZErin.png"" data-thumbnail-src=""https://i.lih.kg/thumbnail?u=https%3A%2F%2Fna.cx%2Fi%2FFMZErin.png&h=ddb72647&s={SIZE}"" /><img src=""https://na.cx/i/5gvXcYq.png"" data-thumbnail-src=""https://i.lih.kg/thumbnail?u=https%3A%2F%2Fna.cx%2Fi%2F5gvXcYq.png&h=f9078b3c&s={SIZE}"" /><img src=""https://na.cx/i/H50Ho47.png"" data-thumbnail-src=""https://i.lih.kg/thumbnail?u=https%3A%2F%2Fna.cx%2Fi%2FH50Ho47.png&h=e40e51d4&s={SIZE}"" />",3702115,d9943e8696de440251c42a525b44d7bf0a257e74,31,幕之內一步,"<span class=""xx-large""><span class=""red"">我DKLM亂禁影人可唔可以告尻佢？
我真係好尻柒憎港女！</span></span>",12,12,
5,時事台,通街啲唨叔都係視姦我！,貝多芬死咗,"<img src=""https://na.cx/i/CjyFaK0.png"" data-thumbnail-src=""https://i.lih.kg/thumbnail?u=https%3A%2F%2Fna.cx%2Fi%2FCjyFaK0.png&h=41661bb4&s={SIZE}"" /><img src=""https://na.cx/i/FMZErin.png"" data-thumbnail-src=""https://i.lih.kg/thumbnail?u=https%3A%2F%2Fna.cx%2Fi%2FFMZErin.png&h=ddb72647&s={SIZE}"" /><img src=""https://na.cx/i/5gvXcYq.png"" data-thumbnail-src=""https://i.lih.kg/thumbnail?u=https%3A%2F%2Fna.cx%2Fi%2F5gvXcYq.png&h=f9078b3c&s={SIZE}"" /><img src=""https://na.cx/i/H50Ho47.png"" data-thumbnail-src=""https://i.lih.kg/thumbnail?u=https%3A%2F%2Fna.cx%2Fi%2FH50Ho47.png&h=e40e51d4&s={SIZE}"" />",3702115,dc98f42ef8a57ea8ab55d798694b23977b2043b4,38,びじん,"佢都視姦緊人，仲要偷拍人<img src=""/assets/faces/normal/sosad.gif"" class=""hkgmoji"" /><img src=""/assets/faces/normal/sosad.gif"" class=""hkgmoji"" />

其實係咪假膠，純粹發現咗呢個topic 係流量密碼<img src=""/assets/faces/normal/sosad.gif"" class=""hkgmoji"" />",14,14,
